sequence,score
EFDDYAQDFWIQCMSASSTA,0.5009206
DWCDDDCNSDMMDDDDDFWD,0.5009206
MDRQRQHCDIDGDDDYYYDW,0.5009206
DWDDDDDSNRFDIYDDDFFQ,0.5416068
YWIQCRFWDIKGRWCYYYMW,0.80315095
DQHCLDMRIGTDFIDESQTD,0.80315095
DDIQDDFNMDMGCDLIDYTL,0.5874701
SYMDWDMDMQSTQNFWSSRT,0.5874701
DDDDDDDNSTDMDNDDDFQD,0.5874701
ATDAYIIAHIQRCCSSMAAA,0.5874701
DYHCNDMRIGTDFDSYWDDD,0.5874701
ATDAYIIAHIQRCCSSMAAA,0.5874701
WCNCNDLDDDYYAWWEWWYW,0.5874701
DSNYIIDWDWWWCMDCNSQQ,0.5874701
QRQDDQESYYAVDDNMDDDD,0.5874701
YYIQDFFWMRMGSWIQQRTC,0.5874701
DDSDDMESNYADIDWDWCMD,0.8041086
EQHYMMEAIDTDFIEESSTD,0.60037535
DDDDDDDNMTDMCNDDDDQD,0.60037535
DWDDDDDNNDFDIYIDDFWQ,0.60037535
DCDCNDMRIDTYASSYWWDW,0.60037535
DDSDDMESNYADDDWDWCDD,0.60037535
DDIQDFFWMDMGSWIQDRTL,0.60037535
DWSDMMDSNDFDDYDDDDDD,0.5001062
RFDDYIQDFWQQCMSASAAA,0.5001062
DDDDSDDWDWMWCMDCNSQQ,0.5001062
ATDAYDIYHIQRCCSSMGAA,0.5001062
MNRQCRHCELDLWDDYDIDC,0.53997153
QHHCLSTHLWAVDSNRFDIQ,0.57709897
QDSDDQESYYAVDDNDDCDD,0.54112726
YYIQDFFWMRMGSWIQDRTL,0.58547235
DDSDNMECEYSDWDWDWDDD,0.58547235
RFDDYIQDFWQQCMSASAAA,0.5136932
DQHCLDMRIGTDFIDEWDDD,0.5561781
DDDDDDDNSTDMDNDDDFQD,0.5561781
DWSDNMESNDFDWDWDDDDD,0.5561781
MNRQRQHCELDLWDDDDIDW,0.5561781
DDNYIIDWDWMWCMQCNDQQ,0.5561781
ESNYISTHDWAWDMQRFDIY,0.5561781
MWRQDQHCDDDDDDDDDDDC,0.5561781
DDDDDDDWDWMWCMDDDRQQ,0.5561781
DDDDSDDWDWMWCMDDNSQQ,0.5561781
WCDCNDMREDYYASSYWWDW,0.5561781
QRHELQEHLYAVDDNDFDIY,0.5848718
DWCDDDCNSDMMCDLDDFDL,0.5848718
DWDDDDDSDRFDIYDDDFQQ,0.5848718
DDDDDDDNMEMDCDLIDDCL,0.5848718
DYDAVDMDMESTCNDIDDDD,0.6819052
WCDCNDMRDDYYASSEWWDW,0.6819052
ESNYISTHDWAWDMQRFDIY,0.6819052
RFDDYAQDFWQRCMSASSAA,0.6819052
YYIQDDFWMEMGDWLIDYTL,0.6819052
DYHCNDMRIGTDFISYWDDD,0.6819052
DDDDDDDNSTDMDNDDDFQD,0.6819052
QRDDLQEHYYAVDDNDDDDD,0.6819052
DDSDNMESNRFDIDWDWDDD,0.6819052
FYLADDMDMESDCDLIDDDL,0.6819052
WCDCNDLDDDYYASSEWWDW,0.6819052
QRDDLQTHYWAVDDNDDDDY,0.6819052
ESNYIIDWDWMWCMQCNSQQ,0.68691653
ESNYISTHDWAWDMQRFDIY,0.7220384
SSIQGRTWYIKGRWCYYYMW,0.7220384
DYDADDMDMESTCNFIDDDD,0.7220384
SYMDWDMYMQSTQNFWSSRT,0.7220384
DWCDMQDNSDFDDYIDDDWQ,0.7220384
DDDDDDDNSTDTQNFWDDDD,0.7220384
DDSDNMHCEYSDWDDDDDDD,0.7220384
DCDCNDMRIDYYAASYWWDW,0.7220384
SYMDWDMDMQSTQNFWSSRT,0.7220384
DWCDDQDNSDFDDYIQDFWD,0.7220384
WCNCNDLDDDYYASSEWWDW,0.70288396
SYMMWDMYMQSTQNFWSSRT,0.70288396
RFDDYAQDFWQRCMSASSAA,0.70288396
DWDDDDDSDRFDIYDDDFQQ,0.70288396
QHHCSSTHLWAVDSNRFDIY,0.70288396
DDSDDIESYYAVDDNDDCDD,0.70288396
ESNYISTWDWAWCMQRDDID,0.70288396
SYMMWDMYMQSTQNFWSSRT,0.70288396
ATDAYDIYHIQDCCSSMGAT,0.70288396
DQHCLDMRIGTDFIDYWDDD,0.70288396
EQHCMMERIGTDFIEESDTD,0.70288396
DWSDMDDNDDDDDDDDDDDW,0.70288396
DYLADDMDMESDCDLIDDDL,0.70288396
DWDDDDDDDRFDIYDDDFWD,0.70288396
DWDDDMESNRFDIYWDDRFQ,0.70288396
DDSDNMESNYSDWDWDWDDD,0.70288396
ATDAYDIYHIQDCCSSMGAT,0.70288396
SWIQCRTWYIKGRWCYYYMW,0.70288396
WCDCNDMRDDYYASSEWWDW,0.70288396
QHHCSSTHLWAVDSNRFDIQ,0.70288396
EQDDYMEAFWIQCMSASSTA,0.70288396
DDSDNMESNYSDIDWDWDDD,0.70288396
SSSQTRTWYIKGRWCYYYMW,0.70288396
MNRQCRHCELDLWDDDDIDC,0.8074766
WCDCNDLDDDYYASSEWWDW,0.8074766
DDDDDDDNMESMCDLIDDDL,0.8074766
DDSDNMESNYFDIDWDWMMD,0.8074766
DDDDDDDNSTDMDNFWDFDD,0.81176704
DYDDWDMDMESTQNFWSSDN,0.81176704
YYIQDRFWDIMGRWIQQYMW,0.7855553
WCDCNDLDDDYYASSEWWDW,0.7855553
EQDDMMEARDIYCIEESSTA,0.7855553
QDSDDQESYYAVDDNDDCDD,0.7855553
EDNYISTHDWAWDMQRFDIY,0.7855553
DWIQDFFWMDMGSWIQDRTL,0.7855553
DDSDNMESNYADIDWDWCMD,0.7855553
DYHCNDMRIGTDFISYWDDD,0.7855553
DWCDMQCNSDMNDDDDDRDL,0.7855553
DDSDNMESNYSDIDWDWDDD,0.7855553
DWIQDFFNMDMGSWLQDRTL,0.7855553
SYMDWDMDMQSTQNFWSSRT,0.7855553
ATDAYIIYHIQRCCSSMGAA,0.7855553
MWRQCRTWDIDGRWDYYYMC,0.7855553
QRQQNMESELIDWDWDWDDD,0.7855553
DDDDDDDDDDDWCNDDDRQQ,0.7855553
DDDDDITWDWAWDMQDDDDD,0.7855553
DDDDSIDWDWMWCMDCNRQQ,0.7855553
DDDDWDMDSQSTQNFWSSRT,0.7855553
DDDYIITWDWMWCMQDDDQD,0.7855553
QHHCLSTHLWAVDSNRFDIY,0.7855553
DQHCLDMRIGTDFISYWDDD,0.7855553
DDDDDDDDDDDWCNDDDFQQ,0.7855553
YWIQCRFWDIMGRWIYYYMW,0.7855553
MNRQCQHCELSLWDDDDDDW,0.7855553
ESNYIITWDWMWCMQCNDQD,0.7855553
DSNYIIDWDWWWCMDCNSQQ,0.7855553
DDDDDDDNSTDMQNFWDDDD,0.7855553
QDSDDIESNYADDDWDWCDD,0.7855553
ESNYIITWDWMWCMQCDDDD,0.7855553
DDIQDDFNMEMGCDLIDYTL,0.7855553
DDSDNMESNRFDIDWDWDDD,0.7855553
DDDDDITWDWAWDMQDDDDD,0.7855553
DWIQDRFWDIMGSWIQQRMC,0.62165374
DWDDDDDSNRFDIYDDDFFD,0.62165374
MNRQRQHCELDLWWDGDIDW,0.5099941
DDDDDDDSDYFWIMDDDDQD,0.5099941
MWRQCRTWDIDGRWDYYYMW,0.5099941
YYIQCRFWDIKGRWCYYYMW,0.5099941
QHHCLSTHLWAVDSNRFDIQ,0.5099941
DWIQCRTWDIMGRWIYYRMC,0.5611427
MNRQRQHCELSLWDDDDDDW,0.5611427
SSDQCRTWYIKGRWCYYYMW,0.5611427
DDDYIITWDWAWDMQDMDDD,0.5392194
DDDDDDDNSTDMDNDDDFDD,0.5392194
ATDAYDIYHIQRCCSSMGAT,0.5392194
DWCDMQCNSDMMCDLDDDDL,0.5392194
RQDDDMEARWIYCIEASSTA,0.5392194
DDDDDDDWDDDWCNDDDSQN,0.5392194
DDDDDDDWDWMWCMDDDRQQ,0.5392194
ATDAYIIAHIQRCCSSMAAA,0.5392194
ESNYIITWDWMWCMQCNCQD,0.5392194
WCDCNDMRDDYYASSEWWDW,0.5392194
DYLADDMDMESDCDLIDDDW,0.5392194
QHHCLSTHLWAVDDNRFDIY,0.5392194
WCDCNDMRDDYYASSEWWDW,0.723201
QRDELQTHLWAVDDNRFDIY,0.8482246
MWRQDDDWDDMGSWIDDRTL,0.62089604
DDDDWDMDSQSTQNFWSSRT,0.62089604
RFDDYMEAFWIQCISASSTA,0.62089604
DYLADDMNMESDCDLIDDDL,0.65536463
DYDCNDMRIDTDFDSYWADD,0.65536463
DSNYIITWDWMWCMQCDDQD,0.65536463
DDDDDDDNSTDMDNDDDFQD,0.65536463
DYDCNDMRIGTDASSYWWDD,0.65536463
DDDDDDDWDDFWCMDDDRQQ,0.5821429
DDDDDDDNSTDMCNDWDDQD,0.5821429
DWCDMQCNSDMNDDDDDDDL,0.5821429
DDDDDDMNMQSTQNFWDDDD,0.5821429
DYDADDMDMESTCNDIDDDD,0.5821429
MNRDDQHCELSLWDDDDDDW,0.5821429
DDDDDITWDWAVDMNDDDDD,0.5821429
DWSDNMESNDFDIYWDDDDD,0.5821429
DDDDDDDNSTDQQNFWSDQD,0.5821429
SWDQCRTWYIKGRWCYYYMW,0.5821429
DYDCNDMRIGTDAASYWWDD,0.5821429
DDDDDDDWDWMWCMDDDDQQ,0.5821429
MNRDDQHCELSLWDDDDDDW,0.5821429
ATDAYIIAHIQRCCSSMAAA,0.5821429
ESNYIITWDWMWCMQCDDDD,0.5821429
DWCDMQCNSDMNDDDDDRDL,0.5821429
EQDDDMEARWIYCIEASSTA,0.5821429
DDSDNMDSDYSDWDDDDDDD,0.5821429
MNRQCRHCELDDDDDYYIDC,0.5821429
DDDDDDDNSTDQQNFWSDQD,0.5821429
RFDDYIQDFWQRCCSASAAA,0.5821429
DYDDWDMDMQSTQNFWSSDN,0.5821429
DDSDDIESYYAVDDWDDCDD,0.5821429
SYMDWDMDMQSTQNFWSSRT,0.5821429
DDSDNMESNYFDIDWDWCMD,0.5821429
YYLADDMDMESRCDLIDDAW,0.5821429
RFDDYAQAFWIQCMSASSTA,0.5821429
DCDCNDMRIDTYASSYWWDW,0.5821429
DQHCNDMRIGTDFDSYWDDD,0.5705021
QRDELQTHLWAVDDNRFDIY,0.5705021
QRHCLSTHLWAVDDNRFDIY,0.5705021
DDDDDDDNSTDMQNFWDDDD,0.62774557
ATDAYIIYHWQRRCSSMAAA,0.62774557
DCDCNDMRIGTAASSYWWDD,0.62774557
DWIQDRFWDIMGSWIQQRMC,0.56819546
DDDDDITWDWAWDMQDDDDD,0.56819546
DWCDMQCNSDMNDDDDDRDL,0.56819546
DDDDDDDNSTDMQNFWDDQD,0.56819546
DYHCNDMRIGTDFISYWDDD,0.56819546
DQHCLDMRIGTDFISYWDDD,0.56819546
ESNYISTWDWAWDMQRFDIY,0.56819546
YWIQCRTWYIKGRWCYYYMW,0.56819546
DDDDWDMDAQSTQNFWSSRT,0.56819546
SSIQCRTWYIKGRWCYYYMW,0.56819546
MDRQRQHCDIDDDDDYYYDW,0.56819546
DDDDDDDDMDDQCNDWSSQD,0.56819546
DDDDDDDNMEMDCDLIDDCL,0.56819546
MNRQDRDCDDDDSWDYDIDC,0.56819546
DDDDIITWDWAWDMNDDDDD,0.56819546
YYIQDRFWDIMGSWIQQRMC,0.56819546
EHNYLSTHDWAVDMNRFDIY,0.56819546
YYLADDFDMESRCDLIDDAL,0.56819546
DDSDNMESNYFDIDWDWCMD,0.5317809
RFDAYIIDFWQRCCSSAAAA,0.5317809
EQDYMMEARDTYFIEESSTD,0.5317809
YYIQDDFWMEMGDWIQDRTL,0.5317809
DSNYIIDWDWMWCMQCNRQQ,0.5317809
ATDAYDIYHIQDCCSSMGAT,0.5317809
DDSDNMESEYSDWDWDWDDD,0.5317809
QHHELSTHLWAVDMNRFDIY,0.5317809
RFDDYAEARWIQCMSASSTA,0.60862416
MNRQDQHCEDDLDDDDDDDW,0.60862416
DDDYIITWDWAWDMQDMDDD,0.60862416
WCDCNDLDDDYYASSEWWDW,0.60862416
EQDDMMEARDIYCIEASSTA,0.60862416
SWIQCRTWYIKGRWCYYYMW,0.51232475
MSRQRRHCDIWGRDDYYYDW,0.51232475
DDDDDDDWDDFWCMDDDRQQ,0.51232475
MWRQCRTWDIDGRWCYYYMW,0.6267368
DYIQDFFWMDMGSWIQDRTL,0.6476755
DSNYIIDWDWMWCMQCNDQD,0.6476755
EQHYMMERIGTDFIEESSTD,0.6476755
DDDDDDDNSTDMCNDDDFQD,0.6476755
DDDDIITHDWAVDMNRDDDD,0.5375595
DQHCLDMRIGTDFIAYWDDD,0.5375595
DDDDDDDNSQDTQNFWSDDD,0.62032765
WCDCNDMDDDYYASSEWWDW,0.62032765
DDDDDDDNMDMDCDLIDDCL,0.62032765
RFDDYAQDFWQRCMSCSSAA,0.5219182
SYMDWDMDAQSTQNFWSSRT,0.7245243
ESNYISTHDWAVDMQRFDIY,0.8278085
DWCDMDDNSDFDDDDDDDWQ,0.5771666
RFDDYAQDFWQRCMSCSSAA,0.5771666
MWRQDQCCDDMDDDDDDDDL,0.5771666
MWRQCRTWDIDGRWDYYYMC,0.5771666
ATDAYDIYHIQDCCSSMGAT,0.5771666
DYDADDMDMESTCNFWDDDD,0.58617324
DDDDDDDSDRFWIMWDDDQD,0.58617324
RFDDYAQDFWQRCMSASSAA,0.58617324
RQDYYMEARWIYCIDASSTA,0.58617324
DYDCNDMRIDTYAWSYWWDW,0.736325
DDDDDDDNMESMCDLIDFDD,0.736325
DYLADDMDMESDCDLIDDDW,0.52101386
RFDDYAQDFWQQCMSASAAA,0.5198005
SYMDWDMDAQSTQNFWSSDN,0.5198005
RFDDYIQDFWQQCMSASAAA,0.54447997
DWIQDFFNMDMGSWIQDRTL,0.54447997
RFDDYIQDFWQRCCSAAAAA,0.54447997
ATDAYWIYHIQDCCSSMGAT,0.54447997
DDDDDDDNMESMCNDIDDDD,0.54447997
ESNYISTWDWAWDMQRMDIY,0.5254081
ATDAYIIYHIQRCCSSMGAA,0.5254081
MDSDNMHCELSDWDWDDDDD,0.5254081
DYDDWDDDMQQQQNFWSSRT,0.5254081
RFDDYAEAFWIQCMSASSTA,0.5254081
DDDDIITHYWAVDDNDDDDD,0.5254081
DDDDDDDNSTDMCNFWDDQD,0.5254081
WCDCNDLDDDYYASWEWWYW,0.5254081
DQHCLDMRIGTDFIAYWDDD,0.5196259
MDRQRQHCELDDDDDYYYDW,0.7212685
EHHYSSTHLWAVDSNRFDIY,0.7212685
DDDDIIDWDWMWCMDCNSQQ,0.64129704
EQDDDMEARWIYCIEASSTA,0.54567015
MDRQCRTCDIDGDWDYYYDW,0.5206936
QCDCNDMREDYAASSYWWDW,0.5748037
DDDDDDDWDDMWCMDDDRQQ,0.54967
DYLAVDMDMESTCNDIDDDN,0.54967
DSNCNDLDDDYYAWSEWWDW,0.54967
FYLADDMDMESDCDLIDDDL,0.54967
MNRQRQHCELDLWDDDDIDW,0.54967
MWRQDDHCDDDDDDDDDDDW,0.54967
MNRQRQHCELDLWWDDDDDW,0.53268754
ATDAYDIYHIQDCCSSMGAT,0.7088507
DYHCNDMRIGTDFDSYWDDD,0.7088507
SWIQCRTWYIKGRWCYYYMW,0.5669474
RFDDYAQDFWQQCMSASSAA,0.5669474
DYLAVDMDMESTCNDWDDDN,0.5669474
YYIQDDFNMEMGCDLIDDCL,0.5011067
QRQELQEHYYAVDDNDFDDY,0.5077174
DDDDDDDNSTDMDNFWDDQD,0.5284234
DDDYIITHDWAVDMNRFDIY,0.5284234
SSDQCRTCYIKGRWCYYYMW,0.7445285
DYMDWDMDMQSTQNFWSSRT,0.7445285
EQHYMMERIGTDFIEESDTD,0.56041336
DDDDIQTHYWAVDDNDDDDD,0.56041336
DDDDDDDDMTDQCNFWSSQD,0.56041336
MNRQCRTCDLDDDWDYYYDC,0.56041336
DWDQDDDNMDMGCDLDDYTL,0.56041336
DWIQDDFNMDMGSWLDDRTL,0.506419
DQHYMMEARDIQFIEESSTD,0.506419
DSNYIIDWDWMWCMQCDDQD,0.5826145
QDSDDIESYYAVDDWDDCDD,0.5231507
DDDDWDMDMQSTQNFWSSRT,0.5175008
QRDDLQESYYAVDDNDDDDD,0.5175008
DYIQDFFWMDMGSWIQDRTL,0.5093035
SSDQCRTWYIKGRWCYYYMW,0.5093035
MSRQCRTCDIDGRWDYYYMC,0.5093035
DDDDDDDNSTDMCNDWDFDD,0.5477805
SYMDWDMMMQSTQNFWSSRT,0.5366391
DDDDDDDDMDDQCNDDDSQD,0.5366391
YYIQDRFWDIMGRWIQQYMW,0.5366391
DDDDDDDNSTDMQNFWDDDD,0.5369846
WCNCNDLDDDYYASSEWWDW,0.5369846
MDSDNMECEYSDWDWDWDDD,0.5369846
DDSDDIESNYADDDWDDCDD,0.5369846
DDDDDDDNSTDMQNFWSDQD,0.5369846
DDDDDITHYWAVDDNDDCDD,0.5369846
DDDDDDDNSTDMQNFWDDDD,0.5369846
ESNYIITWDWMWCMQCDDDD,0.5369846
DDDDDDDWDDDWCNDDDSQQ,0.51569366
DYLADDMNMESDCDLIDDDL,0.51569366
DDIQDFFWMDMGSWIQDRTL,0.51569366
DWDDDDDNNDFDIYDQDFWD,0.5825275
DDIQDFFWMDMGSWIQDRTL,0.5825275
DYHCNDMRIGTDFISYWDDD,0.5825275
DDDYISTHDWAVDMQRFDIY,0.5105626
DDDDDDDNSTDMQNFWDDDD,0.5105626
RFDDYAQDFWQQCMSASSAA,0.5105626
EQHYMMERIGTYFIEESSTD,0.5105626
EQDYMMEARDIYCIEESSTD,0.5105626
DYDCNDMRIGTAAASYWWDD,0.5105626
DWCDMDCNSDMMCDLDDDDL,0.5105626
DDDDDDDNSTDMDNDDDFQD,0.5105626
MWRQCRTWDIKGRWCYYYMW,0.5105626
RFDAYIQDFWQRCCSAAAAA,0.5105626
EHHCLSTHLWAVDMNRFDIY,0.60212135
MWRQCRTCDIDGSWDYYRDC,0.5140863
DYDAVDMDMESTCNFWDDDN,0.5149682
WCDCNDLDDDYYASSEWWDW,0.5149682
DWDDDDDNNDFDIYIQDFWD,0.592337
DDSDDDESNYADDDWDWCDD,0.592337
QRDDLQEHYYAVDDNDDDDD,0.592337
WCDCNDMDDDYYASSEWWDW,0.592337
DWIQDFFWMDMGSWIQYRTC,0.5434812
MDRQRRHCDIDGDDDYYYDW,0.5434812
DYDCNDMRIDTAAASYWWDD,0.5434812
DWSDMDHCDDSDDDDDDDDW,0.66665953
DWIQDFFNMDMGSWIQDRTL,0.5331333
DSNYIIDWDWMWCMQCNSQQ,0.5327444
ATDAFDIYHIQDCCSSMGAT,0.5327444
ATDAYIIYHIQRCCSSMGAA,0.5327444
DWDDDDESNRFDIYDDDRFQ,0.5327444
DDDDDDDNMESMCNDIDFDD,0.5327444
QRQDDDESYYADWDWDWDDD,0.5327444
DDDDDDDNSDDMCDLDDFDD,0.5327444
DDDDDDDNSTDMCDDDDFDD,0.5327444
ATDAYIIYHIQRCCSSMGAT,0.5327444
DYDAWDMDMESTQNFWDSDN,0.5327444
MNRQRQHCELDDDDDDYIDW,0.5327444
DWCDDDCNSDMNSDDDDRTL,0.5054348
DDDDDDDNSTDMQNFWDDDD,0.5054348
DSDDSDDWDWMWCMDDSSQN,0.5054348
MWSDMMHCDYSDDDDDDDDW,0.5054348
DDDDWDMNSQSTQNFWDSDT,0.5054348
DSNYIIDWDWMWCMQCNDQQ,0.5054348
MNRQDQHCELSDDDDDDDDW,0.5054348
QDDELSTHLWAVDSNRFDIY,0.64663446
EQDYMMEARDIQCIEASSTA,0.5289122
ATDAYIIAHIQRCCSSMAAA,0.5435757
DYLAVDMDMESTCNDIDDDN,0.5435757
DYDDWDMDMQSTQNFWSSRT,0.5435757
DWDDDDESNRFDIYDDDRFQ,0.5231397
WCDCNDMDDDYYASSEWWDW,0.55392516
DDDDDDDNSTDMCNFWSDQD,0.55392516
EQHYMMERIDTDFIEESSTD,0.55392516
DQDYMMEARDIQFIEASSTD,0.5308408
SYMDWDMDMQSTQNFWSSRT,0.5308408
DDIQDDFNMEMGCWLIDLTL,0.5308408
DYIQDFFWMDMGSWIQDRTL,0.5308408
DQHCLDMRIGTDFIAYWDDD,0.5308408
ATDAYIIYHIQRCCSSMGAA,0.5308408
DDDDDDDSDRFWIMDDDDQQ,0.5308408
SYMMWDMYMQSTQNFWSSRT,0.5308408
YYIQDDFNMEMGCDLIDDCL,0.525921
DDDDDIDWDWAWDMDDDDDD,0.525921
ESNYIIDWDWMWCMQCNSQQ,0.525921
ATDAYIIAHIQRCCSSMAAA,0.525921
DWCDMQDNSDFDDYIDDRWQ,0.5297011
DDDDDDDNSTDMDNDDDFQD,0.5297011
DWSDNMESNYSDWDWDDDDD,0.5297011
DDDDDDDNSTSMQNFWDDDD,0.5951887
DWCDDDDNSDDMIYDDDFWD,0.5951887
YYIQDDFWMEMGDWLIDYTL,0.52239645
ATDAYIIDFWQRCMSSMAAA,0.52239645
DDDYIITHDWAVDMNRFDIY,0.72042626
RFDAYIQDFWQQCCSAAAAA,0.54383916
DDDDDDDDDTDMDNDDDFQD,0.51568377
YYIQDFFWDRMGSWIQQRTC,0.6075488
MSRQRRHCDIWDDDDYYYDW,0.6075488
DDSDDDESNRFDIDWDDDQQ,0.5896884
SSDQCRTCYIKGRWCYYYMW,0.58975375
DSNYIIDWDWMWCMQCNSQQ,0.58975375
DSDYSDDWDWMWCMDCNSQN,0.58975375
DWDDDDCNSDMMCDLDDFDL,0.58975375
DSNYIIDWDWMWCMDCNSQQ,0.6536506
DDNYIIDWDWMWCMQCDDQD,0.5656517
WCNCNDLDDDYYASSEWWDW,0.5656517
DYLADDMDMESDCDLIDDDL,0.5216069
DDDDDDDNSTDMDNDDDFQD,0.5216069
EDNYIITWDWAWDMQRMDDD,0.5216069
DSNYIIDWDWMWCMQCNDQQ,0.5216069
DYDCNDMRIGTDFDSYWDDD,0.6463881
YYIQDDFWMEMGDWIQDYTL,0.65409356
QHHCLSTHLWAVDSNRFDIQ,0.65409356
ATDAYDIYHIQDCCSSMGAT,0.65409356
MWRQDRTWDDMGSWIYYRDC,0.65409356
DWSDNMDSNDDDDYDDDDDD,0.65409356
EHNYLSTHDWAVDMNRFDIY,0.65409356
DDDDDDDNSTDMDNFWDDQD,0.65409356
EFDDYAQDFWIQCMSASSAA,0.65409356
DYDCNDMRIDTYAWSYWWDD,0.65409356
DDDDDDDWDWMWCMDDDDQQ,0.65409356
DWCDMDCNSDMMCDLDDDCL,0.65409356
MNRQRQHCELDLWDDDDIDW,0.65409356
ATDAYDIYHIQDCCSSMGAT,0.65409356
ESNYISTWDWAWDMQRMDIY,0.65409356
DDDYISTHDWAVDMNRFDIY,0.65409356
DWDDDDESNDFDIYIDDDWQ,0.65409356
WCDCNDMDDDYYASSEWWDW,0.65409356
ATDAYDIYHIQDCCSSMGAT,0.65409356
EQHCMDERIGTDFIEESDTD,0.65409356
DDDDDDDWMDDWCNDDSSQD,0.65409356
RFDAYIQDFWQRCMSASAAA,0.65409356
DDDDDIESYWAVDDNDDDDD,0.65409356
QHHCLSTHLWAVDDNRFDIY,0.65409356
DDLADDMNMESDCDLIDDDL,0.65409356
ATDAYIIAHWQRCCSSMAAA,0.53994536
DDDDDDDNSTDMDNDDDFQD,0.53994536
DSNYIITWDWMWCMQCNDQD,0.53994536
DSNYIITWDWMWCMQCNDQD,0.53994536
QHHCLSTHLWAVDSNRFDIY,0.53994536
DDNYIITWDWMWCMQDMDDD,0.53994536
DDNYIITWDWAWCMQDMDDD,0.57664746
DYLAVDMDMESTCNDIDDDD,0.57664746
MWRQDRTWDDMGSWIYYRTC,0.57664746
ATDAYIIDHWQRCCSSMAAA,0.66930014
SYMAWDMDAQSTQNFWSDDT,0.66930014
WCDCNDLDDDYYASSEWWDW,0.5207578
DDSDNMESNRFDIDWDWDMD,0.5207578
QHHCLSTHLWAVDSNRFDIY,0.5207578
WCDCNDMDDDYYASSEWWDW,0.7991875
DDSDNMESYYSDWDWDWDDD,0.57970935
YWIQCRFWDIKGRWCYYYMW,0.6076878
DDDDDDDNMEMDCDLIDDCL,0.62091035
QHHELSTHLWAVDSNRFDIY,0.59653175
ATDAYIIAHIQRCCSSMAAA,0.59653175
RFDDYIQDFWQRCCSSAAAA,0.59653175
DSNYIIDWDWMWCMQCNSQQ,0.59653175
QRQDDDESYYIDWDWDDDDD,0.59653175
DDNYIITWDWMWCMQDMDDD,0.59653175
DDDDDDDNMESMCDLIDFDD,0.59653175
QRHELQEHLYAVDDNDFDIY,0.59653175
MNRQCRTCDDDGDWDYYRDC,0.59653175
RTDAYIIDFWQRCMSSMAAA,0.59653175
ESNYISTHDWAWDMQRFDIY,0.59653175
DYLAVDMDMESTCDDIDDDN,0.59653175
DDDDIITHYWAVDSNDDDDD,0.59653175
WCDCNDLDDDYYASSEWWDW,0.59653175
SSDQCRTWYIKGRWCYYYMW,0.59653175
ATDAYDIYHIQRCCSSMGAA,0.59653175
DWDDDDDNSTDMIYDDDFQD,0.59653175
QHHCLSTHLWAVDSNRFDIY,0.59653175
MNRDDQHCELSDWDDDDDDW,0.59653175
RFDDYAQDFWQQCMSASAAA,0.59653175
DDDDWDMDSQSTQNFWSSRT,0.59653175
YYIQDRFWDRMGDWIQQYYW,0.59653175
MSDQCRTWYIKGRWCYYYMW,0.59653175
ESNYISTHDWAWDMQRFDIY,0.59653175
ESNYIIDWDWMWCMQCNSQQ,0.59653175
MNRQRQHCELDLWDDDDIDW,0.59653175
MDSDNMECELSDWDWDDDDW,0.59653175
DDDDDDDNSTDMDNDDDFQD,0.59653175
DDDDDDDNSTDMDNFWDDQD,0.59653175
DYHCLDMRIGTDFIAYWDDD,0.59653175
DDSDNMESNYDDIDWDWMMD,0.59653175
MSRQCRTCDIKGRWCYYYMW,0.59653175
DDDDDDDNSTDMDNDDDFQD,0.59653175
EFDDYMEDFWIQCMSASSTA,0.59653175
DDDDDDESNRFDIDWDDDQQ,0.59653175
YYLADDFDMESDCDLIDDCL,0.59653175
DDDDDDDNSTDMCDLIDFDD,0.59653175
DWDDDDDNSTDMIYDDDFWD,0.59653175
DWSDNMESNYFDIDWDWDDD,0.59653175
DWSDMMDSNDFDDYDDDDDD,0.56531674
DDSDNMESNYIDIDWDWMDD,0.533979
QHHCLSTHLWAVDSNRFDIQ,0.533979
DWIQDFFWMDMGSWIQQRTC,0.533979
DWIQDFFNMDMGSWIQDRTL,0.533979
DDDDDDDNSTDMCDLIDFDD,0.533979
DDDDDITWDWAVDMNDDDDD,0.533979
MNRDDQHCELSLWDDDDDDW,0.533979
ATDAYIIDHWQRCCSSMAAA,0.533979
QHHCLSTHLWAVDSNRFDIY,0.533979
DWCDMQCNDDMNDDDDDDDL,0.533979
DDDDDDDDMDDQCNDDSSQD,0.533979
WCDCNDLDDDYYASSEWWDW,0.533979
DDSDNMESNYSDWDWDWDDD,0.533979
EQDYMMEARDIQCIEASSTA,0.533979
MNRQCRHCDLDGDDDYYYDC,0.533979
RFDDYIQDFWQRCMSASAAA,0.533979
DDDDDDDNSTDMDNDDDFQD,0.533979
DYHCNDMRIGTDFISYWDDD,0.533979
QRDDLQESYYAVDDNDDDDD,0.533979
DWCDMDCNSDMNCDLDDRCL,0.533979
DDDDDDDNSTDQQNFWSDQD,0.533979
QHECLSTHLDTDDSNRDDIQ,0.533979
RFDDYAEAFWIQCMSASSTA,0.533979
DWCDMQCNSDMNDDDDDRWL,0.533979
QHHCSSTHLWAVDSNRFDIY,0.533979
DDDDDDDSDRFWCMDDDFQQ,0.533979
DDDDDDDDDDDWCNDDDDQQ,0.533979
DWCDMQCNSDMMDDDDDFDD,0.533979
DWCDMQCNSDMNDDDDDRDL,0.533979
DDDDDDDWDWMWCMQDDDQQ,0.533979
MNRQCQHCELSLWWDDDDDW,0.533979
DWDDDDSNSDDMIYDQDFWD,0.533979
DDDDDDDDMDDWCNDDDSQD,0.533979
DQDYMMEARDIYCIEASSTD,0.533979
DDDDDDDDDDDWCNDDDDQQ,0.533979
QDDELSTHLWAVDSNRFDIY,0.533979
DDSDNMESNYDDIDWDWMMD,0.533979
SWIQCRTWDIKGRWIYYYMW,0.533979
DDDDDDDNSTDMDNDDDFQD,0.533979
ATDAYIIAHIQRRMSSMAAA,0.533979
EQHCMDERIGTDFIEESDTD,0.533979
QRDDLQEHYYAVDDNDDDDD,0.533979
ATDAYDIYHIQDCCSSMGAT,0.533979
YWIQCRFWDIKGRWCYYYMW,0.533979
DWSDNMESNDFDIYWDDDDD,0.533979
EQHCMDERIGTDFIEESSTD,0.533979
EQDYMMEAIDIYFIEESSTD,0.533979
WCDCNDLDDDYYASSEWWDW,0.53394425
DCDCNDMRIDTYASSYWWDW,0.53394425
MWRQCRTWDIDGRWDYYYMC,0.53394425
DDDDDDDNSTDMDNDDDFQD,0.53394425
EQDDDMEARWIYCIEASSTA,0.53394425
DWCDDDCNSDMNSDDDDRTL,0.53394425
EDNYIITWDWAWDMQRMDDD,0.53394425
EQDDYMEARWIYCMSASSTA,0.53394425
DCDCNDMRDDYYASSYWWDW,0.53394425
MWRQCRTWDIDGDWIYYRMC,0.53394425
DWDDDDDNSDFDIYIQDFWD,0.53394425
DYIQDDFNMEMGCDLIDDTL,0.53394425
ESNYIIDWDWMWCMQCNDQD,0.53394425
DDDDIITHLWAVDMNRDDDD,0.53394425
DDSDNMESNYFDIDWDWDDD,0.53394425
DWDDDDDSNRFDIYDDDFQQ,0.53394425
RFDAYIQDFWQRCCSSAAAA,0.53394425
RFDDYAEAFWIQCMSASSTA,0.53394425
RFDDYIQDFWQRCMSCSAAA,0.53394425
QRECEEEHLLTADSDEDTCE,0.53394425
RQDDYMEARWIYCIEASSTA,0.53394425
ESNYISTHDWAVDMQRFDIY,0.53394425
RQDDYMEARWIYCIDASSTA,0.53394425
WCDCNDLDDDYYASSEWWDW,0.53394425
WCDCNDLDDDYYASSEWWDW,0.53394425
ATDAYDIYHIQDCCSSMGAT,0.53394425
DSNYIIDWDWMWCMQCNDQQ,0.53394425
DWIQDFFWMDMGSWIQQRTC,0.53394425
WCDCNDLDDDYYASSEWWDW,0.53394425
QRDDLQESYYAVDDNDDDDD,0.53394425
MNRQCQHCELSLWDDDDDDW,0.53394425
EQHYMMERIGTDFIEESSTD,0.53394425
QRDDDIESYYAVDDWDDCDD,0.53394425
SWIQCRTWYIKGRWCYYYMW,0.53394425
MDSDNMHCEYSDWDDDDDDD,0.53394425
DDLDDDDNMESDCDLIDDCL,0.53394425
DDDDDDDWDWMWCMDDDRQQ,0.53394425
DYDCNDMRIGTDASSYWWDD,0.53394425
WCDCNDMDDDYYASSEWWDW,0.53394425
MDSDMDHCELSDWDDDDDDW,0.53394425
RFDAYIIDFWQRCCSSAAAA,0.53394425
MNRDDQHCELSLWDDDDDDW,0.53394425
ESNYISTWDWAWCMQRDDID,0.53394425
QHHCLSTHLWAVDSNRFDIQ,0.53394425
DWSDNMDSNDFDDYWDDDDD,0.53394425
DHDELSTHLWAVDMNRFDIY,0.53394425
MDRQRQHCELDDDDDYYYDW,0.53394425
RFDDYAQDFWQQCMSASSAA,0.53394425
DDDDDDDNMDMDCDLDDDCL,0.53394425
QRDELQTHLYAVDDNRFDIY,0.53394425
EQDYMMEARDIYFIEESSTD,0.53394425
DWCDMQCNDDMNDDDDDRDL,0.53394425
DDSDNMESNYIDIDWDWMDD,0.53394425
DYHCNDMRIGTDFISYWDDD,0.53394425
EDNYISTWDWAWDMQRFDIY,0.53394425
DDSDNMESEYSDWDWDWDDD,0.53394425
DDDDDITSDWAVDMNDDDDD,0.53394425
EQHCMMERIGTDFIEESDDD,0.53394425
DCDCNDMRIDTAASSYWWDW,0.53394425
DYHCNDMRIGTDFDSYWDDD,0.53394425
ESNYIIDWDWMWCMQCNSQQ,0.53394425
DDSDDDESNYADIDWDDDDD,0.53394425
MNSDDQHCELSDWDDDDDDW,0.53394425
YYIQDFFWMRMGSWIQDRTL,0.53394425
MNRQRQHCELDDDDDDYIDW,0.53394425
DDLDDDMNMESDCDLIDDDL,0.53394425
DDDADDMDMESMCDLIDDDD,0.53394425
DWIQDFFWMDMGSWIQQRTC,0.53394425
SYDDWDMDAQSTQNFWSSRT,0.53394425
QRQQDMESYYIDWDWDDDDD,0.53394425
RQDYYMEARWIQCIDASSTA,0.53394425
SSIQCRTWYIKGRWCYYYMW,0.53394425
DCDCNDMRIDTAASSYWWDW,0.53394425
DDDDDDDNSTDMDNDDDFQD,0.53394425
DSNYIIDWDWMWCMQCNDQD,0.53394425
DDNYIITWDWMWCMQDDDDD,0.53394425
QDDDIQTHLWAVDSNRFDDY,0.53394425
EFDDYAQDFWIQCMSASSTA,0.53394425
DWCDDDDNSDFDDYIQDFWD,0.53394425
SWIQCRTWDIKGRWCYYYMW,0.53394425
DYHCNDMRIGTDFISYWDDD,0.53394425
SWDQCRTWYIKGRWCYYYMW,0.53394425
DYDAVDMDAESTCNFWDDDN,0.53394425
SYMADDMDAESTQNFWSYAN,0.53394425
DWIQDFFWMDMGSWIQDRTL,0.53394425
ATDAFDIYHIQDCCSSMGAT,0.53394425
ESNYISTHDWAWDMQRFDIY,0.53394425
DWSDDMESNRFDIYWDDDFQ,0.53394425
DDDDDDDNSQDTQNFWDDDD,0.53394425
DDSDNMESNYSDWDWDWDDD,0.53394425
DWDDMDDNNDFDDYDDDDWW,0.53394425
MRRDDDHCELSDWDDGDDDW,0.53394425
DDDDIITHYWAVDDNDDDDD,0.5563068
MWRQDDDWDDMGSWIDDRTC,0.5563068
ATDAYDIYHIQDCCSSMGAT,0.5563068
YWIQDRFWDIMGRWIQQRMW,0.5563068
RFDDYAQDFWQRCMSASSAA,0.5563068
SSDQCRTWYIKGRWCYYYMW,0.5563068
DWDDDDDSNRFDIYDDDFQQ,0.5563068
DDDDDDDNSTDMDNDDDFQD,0.5563068
YYLADDMDMESRCDLIDYAW,0.5563068
DDQDNMESEYSDWDWDWDDD,0.5563068
RFDDYIQDFWQQCMSASAAA,0.5563068
DDSDNDESNRFDIDWDDDDD,0.51012224
SSIQGRTWYIKGRWCYYYMW,0.51012224
EQDYMMEAIDTDFIEESSTD,0.51012224
DDDDDDDDDDDWCNDDDDQQ,0.6352341
DDSDDIESYYAVDDNDDCDD,0.7584473
DWIQDDFNMDMGSWLQDRTL,0.7584473
RFDDYIQDFWQQCCSASAAA,0.53035676
DCDCNDMRIDYYASSEWWDW,0.53035676
QHHCLSTHLWAVDSNRFDIQ,0.53035676
MWCQDDDWDDMDSWDDDRDL,0.53035676
WCDCNDLDDDYYASSEWWDW,0.53035676
YYIQDDFDMEMGDWLIDDCL,0.53035676
ESNYIITWDWMWCMQCNDQD,0.53035676
DDDDDDDNSTDTQNFWSDDD,0.53035676
DWIQDRFWDIMGRWIQQRMC,0.53035676
DDDDDDDWDWDWCNDDDSQQ,0.53035676
RTDAYIIDFWQRCCSSMAAA,0.53035676
ATDAYIIDFWQRCCSSMAAA,0.53035676
RFDAYIQDFWQRCCSSAAAA,0.53035676
DDDDDDDNSTDMDNFWDDQD,0.53035676
ATDAYDIYHIQDCCSSMGAT,0.53035676
WCDCNDMRDDYYASSEWWDW,0.53035676
DDDDDDDNSQDTQNFWSDDD,0.53035676
DYLAVDMDMESTCNDIDDDD,0.53035676
MNRQCQHCELDLWDDDDDDW,0.53035676
DDSDNMESEYSDWDWDWDDD,0.53035676
DDIQDFFWMDMGSWIQDRTL,0.53035676
DDDDSDDWDWDWCMDDNSQQ,0.53035676
EQHCLDERIGTDFIEEWDDD,0.53035676
DDDDDDDSDYDWIMDDDDQD,0.53035676
QHHCLSTHLWAVDSNRFDIY,0.53035676
EQHCLDERIGTDFIDEWDDD,0.53035676
ESNYIIDWDWMWCMQCNSQQ,0.53035676
DDIQDDFNMEMGCWLIDYTL,0.53035676
ESNYISTHDWAWDMQRFDIY,0.53035676
DSNYIITWDWMWCMQCDDDD,0.53035676
DYHCNDMRIGTDFASYWWDD,0.5215181
RTDAYIIDFWQRCCSSMAAA,0.5215181
DSNYIITWDWMWCMQCDDQD,0.5215181
DDDDDDMNMESDCDLIDDDL,0.709189
DDIQDDFNMDMGCWLIDYTL,0.709189
DDDDDDDNSTDMINDDDFQD,0.709189
DDSDNMESNYDDIDWDWCMD,0.5163589
MNRQCRHCELDLDDDDDDDW,0.58738756
MNRQCRTCDLDGDWDYYYDC,0.5163499
RFDAYIIDFWQRCCSSAAAA,0.5163499
SWIQCRTWDIKGRWCYYYMW,0.5163499
DDSDDIESYYAVDDWDDCDD,0.6724726
DDDDDDDDMDDWCNDDDDQD,0.6724726
DDDDDDDNSTDMDNDDDFQD,0.6724726
RFDAYIIDFWQRRMSASAAA,0.6724726
QHHCSSTHLWAVDSNRFDIY,0.6724726
DDDDDDDNSTDMDNFWDFQD,0.6724726
DDDDWDMDSQSTQNFWSSRT,0.6724726
DWCDMQCNSDMNSDDDDRTL,0.6724726
SSIQCRTWYIKGRWCYYYMW,0.6724726
FYLADDMDMESDCDLIDDDW,0.6724726
QRHCLSTHLWAVDDNRFDIY,0.6063036
QDDDLQTHLWAVDDNRDDDD,0.6063036
ATDAYAIDHIQRCCSSMGAT,0.6063036
DYDCNDMRIDTAAWSYWWDD,0.6063036
ATDAYWIYHIQDCCSSMGAT,0.6578898
EDNYISTHDWAWDMQRFDIY,0.6578898
DDDYIITWDWAWDMQDMDDD,0.6578898
SYMDWDMDMQSTQNFWSSRT,0.6578898
QRDELQESYYAVDDNMDDDD,0.6578898
DYLADDMDMESDCDLIDDDW,0.6578898
DWSDDMESNRFDIYWDDDFQ,0.6578898
DSNYIIDWDWMWCMQCNDQQ,0.6578898
DDSDDDESNYADIDWDDDDD,0.60457444
DDDDDDDWDWMWCMDDDRQQ,0.60457444
MSRQRRHCDIWGRDDYYYDW,0.51230395
DWIQDFFWMDMGSWIQDRTL,0.51230395
QDDELSTHLWAVDDNRFDIY,0.51230395
WCDCNDLDDDYYASSEWWDW,0.51230395
DWCDDQCNDDMNDDDDDRDL,0.51230395
DDDDDITSDWAVDMNDDDDD,0.6878785
DDDDDDDWDWMWCMDDDRQQ,0.6878785
MNRQCRHCELDDDWDYDIDC,0.6878785
DWDDDDDSNRFDIYDDDFFQ,0.6878785
DDDDDDDNSTDMDNDDDFQD,0.6878785
DDDDDDCNSDMMCDLDDFDL,0.6878785
